{
  "method": "dense-rank-kpg",
  "domain_size": 2037557340,
  "positions_reachable_canonical": 869287068,
  "start_id": 1647507943,
  "start_value": 0,
  "wins": 606922331,
  "losses": 142074547,
  "draws": 120290190,
  "max_dtm": 155,
  "total_legal_moves": 10250756260,
  "avg_branching": 11.792142,
  "propagation_edges": 3053600053,
  "predecessor_candidates": 8158994437,
  "predecessor_ids": 8158994437,
  "duplicate_predecessor_ids": 0,
  "enumeration_secs": 3183.993376,
  "classification_secs": 259.037162,
  "propagation_secs": 4960.590507,
  "stats_secs": 59.982444,
  "audit_bad_positions": null,
  "audit_secs": null,
  "total_secs": 8464.046029
}
